,Depths,Ranking
0,0.5549818704268838,17480.0
1,0.6246193209928526,18559.0
2,0.7093281371820329,19477.0
3,0.8086494146764407,16774.0
4,0.9104251448045838,17589.0
