,scores,ranks,min_flux
0,0.0025086189765647377,4056.0,0.6785109835038866
1,0.0020953487784047854,6909.0,0.6793139581883411
2,0.0018865621151184222,9475.0,0.6793139581883411
3,0.0017456089451199051,11649.0,0.6793139581883411
4,0.001709361034131688,12317.0,0.6793139581883411
5,0.0018350540067259215,10225.0,0.6793139581883411
